usuario,a,b,c,d,e,f,g,h,i,j,k,l,m,n,o
pede.malesuada.vel@tristiquepharetraQuisque.co.uk,0,0,1,0,1,1,1,0,0,0,0,0,1,0,1
Cras.pellentesque.Sed@etultricesposuere.ca,1,1,1,1,0,0,1,1,0,1,1,1,0,1,0
lectus.justo@loremfringillaornare.org,1,0,1,1,1,0,0,1,1,1,0,1,1,0,1
sem.egestas.blandit@lectusjusto.co.uk,0,1,0,1,0,0,1,0,0,1,0,0,0,1,1
Donec@dolor.org,1,1,0,1,1,0,0,0,1,0,1,1,0,0,0
lectus.pede.ultrices@aliquetvel.net,0,0,0,0,1,0,1,0,1,0,1,1,1,1,0
lacinia@gravidasagittisDuis.edu,1,1,1,1,1,1,1,0,0,1,0,1,1,1,1
enim@pedeet.co.uk,0,1,0,1,0,0,1,0,1,1,1,0,1,1,0
sit.amet@ligula.edu,1,0,1,1,0,0,1,0,0,0,0,0,0,1,1
non.luctus.sit@mollisPhasellus.com,0,0,0,1,0,0,0,0,1,0,1,0,1,1,0
semper@risusatfringilla.edu,0,0,1,1,0,0,0,1,1,1,0,1,0,1,0
Vestibulum.ut.eros@ut.co.uk,1,0,0,1,1,0,1,0,1,0,0,0,0,1,1
Cras@porttitor.net,1,1,0,1,1,1,1,1,1,0,0,0,1,1,1
lobortis.augue.scelerisque@montesnascetur.edu,0,0,1,1,1,1,1,1,0,1,1,1,1,0,0
semper@atpedeCras.co.uk,1,0,0,0,1,0,1,1,1,1,1,0,0,1,0
sit.amet@metusAenean.net,0,0,0,1,0,1,0,0,1,1,1,1,0,0,0
a.auctor.non@laciniamattisInteger.co.uk,0,1,0,0,1,0,1,1,0,1,0,1,0,1,1
magna@nisisemsemper.org,1,1,0,0,0,1,0,1,0,0,1,0,1,0,1
tincidunt@ligulaAliquam.com,1,1,1,0,0,1,0,1,0,0,0,1,0,0,0
congue.turpis@et.com,0,0,1,1,1,1,0,0,0,1,0,1,1,0,0
nibh.Quisque.nonummy@fringillamilacinia.edu,0,1,1,1,1,0,0,0,0,1,1,1,0,1,0
sem@pharetra.edu,1,1,1,0,1,1,0,0,0,1,0,0,1,1,1
condimentum.Donec.at@sedsapien.com,1,0,0,0,1,1,1,0,0,0,0,0,1,1,1
eros@Integer.org,1,0,1,1,1,1,1,1,1,1,0,1,0,0,1
sapien.Aenean@sollicitudincommodoipsum.co.uk,0,1,0,1,0,0,1,0,1,0,0,1,1,1,0
natoque.penatibus@Aliquamultricesiaculis.ca,1,0,1,0,0,1,1,1,1,0,1,1,1,0,1
aptent.taciti.sociosqu@imperdietnon.edu,0,0,0,1,0,0,1,0,1,1,0,1,0,1,1
dui@Nullafacilisis.edu,0,0,0,0,0,0,0,0,0,1,1,1,1,0,0
pede.Praesent.eu@egetmetus.net,1,1,1,1,1,0,1,1,1,1,0,0,1,1,1
a.feugiat.tellus@vestibulummassa.edu,1,0,1,0,0,0,1,1,1,0,0,0,0,1,0
a@dapibus.ca,1,1,0,1,1,1,1,0,0,0,1,1,0,1,0
vel.vulputate.eu@Nunc.net,1,0,1,1,0,0,0,0,1,1,0,0,0,1,0
vestibulum.nec@natoquepenatibus.ca,0,0,0,1,1,1,0,1,0,1,1,1,1,0,0
mollis.Integer.tincidunt@Donecnibhenim.org,0,1,0,0,0,1,1,0,0,0,0,0,1,1,1
quis.urna.Nunc@idrisus.co.uk,0,1,1,1,1,0,1,0,0,1,0,0,0,1,1
sit.amet@urnasuscipit.co.uk,0,1,1,0,1,1,1,1,0,1,0,0,1,0,0
eu.odio@Suspendisseacmetus.net,1,0,1,1,1,1,0,0,1,0,1,0,0,1,0
purus.mauris.a@cubilia.edu,0,1,1,0,0,0,0,1,1,0,0,0,0,1,1
ornare.libero@Aliquamnisl.ca,1,1,1,0,1,1,0,1,1,0,1,0,1,1,1
ligula.Nullam.enim@dignissimMaecenasornare.net,1,0,1,1,0,1,0,0,1,1,1,1,0,1,1
Nunc.mauris@loremluctusut.com,0,0,0,1,1,1,1,1,0,1,0,1,0,0,0
a.facilisis@Aliquam.co.uk,1,0,1,0,0,0,1,0,1,1,1,0,0,1,1
montes.nascetur@loremtristique.edu,1,1,1,1,1,0,0,0,0,0,0,0,1,1,0
facilisi@eunulla.ca,0,1,1,1,1,0,0,1,0,0,0,1,1,1,0
ante@Nulla.co.uk,0,0,1,0,1,1,0,1,1,1,0,1,1,0,1
Duis.ac.arcu@vestibulum.com,1,1,1,0,1,1,1,0,1,0,1,1,1,0,0
Vivamus.euismod@sed.edu,0,0,1,0,1,1,1,1,0,1,0,0,0,1,0
Donec@posuerevulputate.org,0,0,1,0,1,1,1,0,1,0,0,1,0,1,1
Ut.semper@scelerisquenequeNullam.com,0,1,0,1,0,0,0,1,1,0,1,0,1,1,0
nascetur@aliquamenimnec.co.uk,1,0,1,0,1,0,1,1,0,1,0,1,0,1,0
eget.tincidunt@ultricesiaculis.net,0,0,0,0,1,1,1,1,0,1,1,0,1,1,1
in@Nullam.ca,0,1,1,0,1,1,0,1,1,1,1,0,0,1,1
Nulla.eu.neque@dignissimMaecenasornare.edu,1,0,1,1,1,0,1,0,0,0,0,1,0,1,1
sociis.natoque@sociisnatoque.com,1,1,0,0,0,0,1,0,1,0,0,0,0,0,1
non.vestibulum@tempusrisus.com,1,1,0,1,0,0,1,0,0,1,1,0,1,0,0
conubia.nostra.per@sit.net,0,1,1,0,1,1,1,0,1,0,1,0,0,0,0
ut.nisi@velmauris.co.uk,1,0,0,1,1,1,0,0,1,0,1,0,1,0,0
Morbi@imperdietullamcorperDuis.com,1,1,1,0,0,0,1,0,1,0,1,0,0,0,0
gravida.non.sollicitudin@orcilobortisaugue.net,0,1,0,0,1,1,1,1,0,1,1,1,0,1,0
urna.et.arcu@turpisIncondimentum.edu,0,1,1,1,0,0,1,0,0,0,0,0,1,0,0
convallis.dolor@malesuada.org,1,0,0,1,1,1,0,0,0,0,0,0,0,0,1
lectus.rutrum@elitCurabitursed.ca,1,0,1,0,0,1,1,1,1,0,0,0,1,1,1
ante.lectus.convallis@auctorMaurisvel.net,0,0,0,0,0,1,0,0,0,1,0,1,0,0,1
et.ultrices@nectellusNunc.net,1,1,0,0,1,1,1,1,0,0,1,0,0,1,1
est.congue@utaliquamiaculis.ca,0,1,0,1,1,0,1,0,1,0,1,0,1,1,0
risus.Donec.egestas@ultriciesornareelit.com,0,1,0,1,0,1,0,0,1,1,0,0,0,1,0
dignissim@elit.co.uk,0,0,1,0,0,0,1,0,1,1,1,1,0,0,1
vitae@lacus.org,1,0,1,0,0,0,1,0,0,1,0,1,0,1,1
Donec@nonummy.ca,0,1,1,0,1,1,1,0,1,1,0,1,1,0,1
magna.Nam.ligula@Aliquamtincidunt.org,1,1,1,0,0,1,1,0,1,0,0,0,0,1,1
eget.mollis@porttitorerosnec.ca,1,1,0,0,1,1,0,0,0,0,0,0,0,0,0
neque.Nullam.ut@Vivamuseuismodurna.net,1,1,1,1,0,0,1,1,0,1,1,0,1,1,0
ipsum.dolor@massa.ca,1,1,1,1,1,0,1,0,0,0,1,1,1,0,0
lacinia.orci.consectetuer@natoquepenatibus.co.uk,0,1,0,0,1,0,0,0,0,0,0,1,1,0,1
vitae.aliquam@sedorci.ca,0,0,1,1,1,1,1,0,0,1,0,0,1,1,0
Quisque.imperdiet.erat@gravidasit.org,0,1,1,1,0,0,1,1,1,1,1,0,1,1,1
Nunc.ut.erat@dolordolortempus.ca,1,1,0,0,1,1,0,0,1,1,0,1,1,1,0
et.euismod@tristiquealiquetPhasellus.com,0,0,1,0,0,0,1,0,0,1,0,1,1,0,0
Nullam.velit@bibendumullamcorperDuis.org,1,1,1,1,0,1,1,0,1,0,1,0,0,1,1
Nullam.feugiat@eleifendnecmalesuada.org,1,1,1,0,1,0,0,1,1,0,1,1,1,0,1
neque.et.nunc@felisegetvarius.org,0,1,0,0,0,0,0,0,1,1,1,1,1,0,0
ullamcorper@Donectempuslorem.ca,1,1,1,1,1,1,1,0,1,0,1,0,1,0,1
eget@atsem.net,1,0,1,0,0,1,1,1,0,1,1,1,1,0,1
nec.enim.Nunc@luctus.org,0,1,1,1,0,1,0,1,0,0,1,0,0,1,0
Cum.sociis.natoque@pede.co.uk,0,1,1,1,1,1,0,0,0,0,1,1,1,0,1
per.conubia.nostra@semutcursus.co.uk,0,0,1,1,1,1,0,1,0,1,1,0,0,0,1
in.dolor.Fusce@molestie.com,1,0,0,1,1,1,0,0,1,0,1,1,1,1,1
congue.turpis@tinciduntaliquam.net,1,0,0,0,0,0,1,0,0,1,0,0,0,0,0
est.Mauris@laoreetliberoet.org,1,1,1,0,0,1,1,1,0,1,1,1,0,0,0
mi.lorem@Cras.co.uk,0,0,0,1,0,0,1,0,1,0,0,0,1,0,1
at@sedliberoProin.co.uk,1,1,1,0,0,0,1,1,0,1,0,1,0,0,1
ligula.Aenean@inconsectetuer.com,0,0,0,1,1,0,0,1,1,1,1,0,0,1,0
ante@metusVivamus.co.uk,0,1,1,1,0,1,0,1,1,1,0,1,0,0,1
Aliquam.nec.enim@Curabitur.net,0,0,1,1,0,0,0,1,0,1,0,1,1,1,0
luctus.et@Nullamfeugiat.com,0,0,1,0,0,1,0,1,1,0,0,1,1,1,0
dui.quis@idnuncinterdum.edu,0,1,0,0,1,0,0,1,0,0,1,1,1,0,1
risus.In.mi@insodales.net,0,0,1,0,0,1,0,1,0,1,1,1,1,0,1
eget.volutpat@condimentumDonecat.com,0,0,0,1,0,0,0,0,1,1,0,0,0,1,0
Nunc.ut@lobortisaugue.org,0,1,0,1,1,1,1,0,1,1,1,1,1,0,1
nulla@urna.org,0,0,0,0,1,0,1,1,1,1,0,1,1,0,1